{"cameraMode":{"drawMode":0,"name":"Shaded","section":"Shading Mode"},"sceneLighting":false,"audioPlay":false,"sceneViewState":{"m_AlwaysRefresh":false,"showFog":true,"showSkybox":false,"showFlares":true,"showImageEffects":true,"showParticleSystems":true,"showVisualEffectGraphs":true,"m_FxEnabled":true},"in2DMode":false,"pivot":{"x":0.000054001808166503906,"y":0.8592162132263184,"z":-0.03881112486124039},"rotation":{"x":0.06553471088409424,"y":0.9307168126106262,"z":-0.29403454065322878,"w":0.2074381411075592},"size":1.441495656967163,"orthographic":false}