{"cameraMode":{"drawMode":0,"name":"Shaded","section":"Shading Mode"},"sceneLighting":false,"audioPlay":false,"sceneViewState":{"m_AlwaysRefresh":false,"showFog":true,"showSkybox":false,"showFlares":true,"showImageEffects":true,"showParticleSystems":true,"showVisualEffectGraphs":true,"m_FxEnabled":true},"in2DMode":false,"pivot":{"x":-1.0166168212890626,"y":2.4857466220855715,"z":0.05765724182128906},"rotation":{"x":-0.20781037211418153,"y":0.4443354308605194,"z":-0.10676473379135132,"w":-0.8648655414581299},"size":2.7772223949432375,"orthographic":false}