{"cameraMode":{"drawMode":0,"name":"Shaded","section":"Shading Mode"},"sceneLighting":false,"audioPlay":false,"sceneViewState":{"m_AlwaysRefresh":false,"showFog":true,"showSkybox":false,"showFlares":true,"showImageEffects":true,"showParticleSystems":true,"showVisualEffectGraphs":true,"m_FxEnabled":true},"in2DMode":false,"pivot":{"x":2.384185791015625e-7,"y":0.5354916453361511,"z":0.0000019073486328125},"rotation":{"x":0.16330264508724214,"y":0.06506283581256867,"z":-0.010794147849082947,"w":0.9843721389770508},"size":0.9274975657463074,"orthographic":true}