{"cameraMode":{"drawMode":0,"name":"Shaded","section":"Shading Mode"},"sceneLighting":false,"audioPlay":false,"sceneViewState":{"m_AlwaysRefresh":false,"showFog":true,"showSkybox":false,"showFlares":true,"showImageEffects":true,"showParticleSystems":true,"showVisualEffectGraphs":true,"m_FxEnabled":true},"in2DMode":false,"pivot":{"x":-2.4761788845062258,"y":2.550055980682373,"z":-0.5501880645751953},"rotation":{"x":-0.04432666674256325,"y":0.9543287754058838,"z":-0.18136978149414063,"w":-0.23323574662208558},"size":3.7762362957000734,"orthographic":false}