{"cameraMode":{"drawMode":0,"name":"Shaded","section":"Shading Mode"},"sceneLighting":true,"audioPlay":false,"sceneViewState":{"m_AlwaysRefresh":false,"showFog":true,"showSkybox":false,"showFlares":true,"showImageEffects":true,"showParticleSystems":true,"showVisualEffectGraphs":true,"m_FxEnabled":true},"in2DMode":false,"pivot":{"x":-0.1148374080657959,"y":2.202507495880127,"z":-0.10953342914581299},"rotation":{"x":0.032278064638376239,"y":0.7566068172454834,"z":-0.03750351071357727,"w":0.6520295143127441},"size":3.7479796409606935,"orthographic":false}