{"cameraMode":{"drawMode":0,"name":"Shaded","section":"Shading Mode"},"sceneLighting":false,"audioPlay":false,"sceneViewState":{"m_AlwaysRefresh":false,"showFog":true,"showSkybox":false,"showFlares":true,"showImageEffects":true,"showParticleSystems":true,"showVisualEffectGraphs":true,"m_FxEnabled":true},"in2DMode":false,"pivot":{"x":-2.384185791015625e-7,"y":1.0094683170318604,"z":-0.0006074309349060059},"rotation":{"x":0.18110345304012299,"y":-0.589401125907898,"z":0.13767465949058534,"w":0.7751591205596924},"size":1.593534231185913,"orthographic":false}