{"cameraMode":{"drawMode":0,"name":"Shaded","section":"Shading Mode"},"sceneLighting":false,"audioPlay":false,"sceneViewState":{"m_AlwaysRefresh":false,"showFog":true,"showSkybox":false,"showFlares":true,"showImageEffects":true,"showParticleSystems":true,"showVisualEffectGraphs":true,"m_FxEnabled":true},"in2DMode":false,"pivot":{"x":0.006497621536254883,"y":0.008223652839660645,"z":0.016484975814819337},"rotation":{"x":0.32277995347976687,"y":-0.16356207430362702,"z":0.056737449020147327,"w":0.9305065870285034},"size":1.4297343492507935,"orthographic":true}