{"cameraMode":{"drawMode":0,"name":"Shaded","section":"Shading Mode"},"sceneLighting":false,"audioPlay":false,"sceneViewState":{"m_AlwaysRefresh":false,"showFog":true,"showSkybox":false,"showFlares":true,"showImageEffects":true,"showParticleSystems":true,"showVisualEffectGraphs":true,"m_FxEnabled":true},"in2DMode":false,"pivot":{"x":-0.26999998092651369,"y":0.3499999940395355,"z":29.950000762939454},"rotation":{"x":0.33624985814094546,"y":0.6637253165245056,"z":-0.4727703630924225,"w":0.47216153144836428},"size":2.78791880607605,"orthographic":true}