{"cameraMode":{"drawMode":0,"name":"Shaded","section":"Shading Mode"},"sceneLighting":false,"audioPlay":false,"sceneViewState":{"m_AlwaysRefresh":false,"showFog":true,"showSkybox":false,"showFlares":true,"showImageEffects":true,"showParticleSystems":true,"showVisualEffectGraphs":true,"m_FxEnabled":true},"in2DMode":false,"pivot":{"x":0.01934814453125,"y":0.07433032989501953,"z":-0.12363529205322266},"rotation":{"x":0.15610790252685548,"y":0.26747751235961916,"z":-0.04396171122789383,"w":0.9498192667961121},"size":16.688386917114259,"orthographic":true}