{"cameraMode":{"drawMode":0,"name":"Shaded","section":"Shading Mode"},"sceneLighting":false,"audioPlay":false,"sceneViewState":{"m_AlwaysRefresh":false,"showFog":true,"showSkybox":false,"showFlares":true,"showImageEffects":true,"showParticleSystems":true,"showVisualEffectGraphs":true,"m_FxEnabled":true},"in2DMode":false,"pivot":{"x":0.0000011920928955078126,"y":1.0685280561447144,"z":-0.08096081018447876},"rotation":{"x":0.18110345304012299,"y":-0.589401125907898,"z":0.13767465949058534,"w":0.7751591205596924},"size":1.670617938041687,"orthographic":false}