{"cameraMode":{"drawMode":0,"name":"Shaded","section":"Shading Mode"},"sceneLighting":false,"audioPlay":false,"sceneViewState":{"m_AlwaysRefresh":false,"showFog":true,"showSkybox":false,"showFlares":true,"showImageEffects":true,"showParticleSystems":true,"showVisualEffectGraphs":true,"m_FxEnabled":true},"in2DMode":false,"pivot":{"x":-2.4718971252441408,"y":2.524937152862549,"z":0.05751991271972656},"rotation":{"x":-0.035893719643354419,"y":0.9452725648880005,"z":-0.1114010289311409,"w":-0.3045683801174164},"size":3.6521265506744386,"orthographic":false}