{"cameraMode":{"drawMode":0,"name":"Shaded","section":"Shading Mode"},"sceneLighting":false,"audioPlay":false,"sceneViewState":{"m_AlwaysRefresh":false,"showFog":true,"showSkybox":false,"showFlares":true,"showImageEffects":true,"showParticleSystems":true,"showVisualEffectGraphs":true,"m_FxEnabled":true},"in2DMode":false,"pivot":{"x":0.000053763389587402344,"y":1.2307939529418946,"z":-0.09529246389865875},"rotation":{"x":0.3770406246185303,"y":0.4489794671535492,"z":-0.21688342094421388,"w":0.7805348038673401},"size":1.7339351177215577,"orthographic":false}