{"cameraMode":{"drawMode":0,"name":"Shaded","section":"Shading Mode"},"sceneLighting":false,"audioPlay":false,"sceneViewState":{"m_AlwaysRefresh":false,"showFog":true,"showSkybox":false,"showFlares":true,"showImageEffects":true,"showParticleSystems":true,"showVisualEffectGraphs":true,"m_FxEnabled":true},"in2DMode":false,"pivot":{"x":-2.4718971252441408,"y":2.541266679763794,"z":-0.005169212818145752},"rotation":{"x":-0.20781037211418153,"y":0.4443354308605194,"z":-0.10676473379135132,"w":-0.8648655414581299},"size":3.666950225830078,"orthographic":false}